Hostname,OS,Environment,Country,Node
HSIRL001,HP-UX,Staging,Ireland,1
LDNOR001,Linux,Development,Norway,1
LPDEU001,Linux,Production,Germany,1
LSITA001,Linux,Staging,Italy,1
LTITA001,Linux,Testing,Italy,1
SSITA001,Solaris,Staging,Italy,1
ASESP001,AIX,Staging,Spain,1
LSESP001,Linux,Staging,Spain,1
SSDEU001,Solaris,Staging,Germany,1
AIDEU001,AIX,Integration,Germany,1
LDIRL001,Linux,Development,Ireland,1
ASESP002,AIX,Staging,Spain,2
SIIRL001,Solaris,Integration,Ireland,1
LTIRL001,Linux,Testing,Ireland,1
LSESP002,Linux,Staging,Spain,2
STIRL001,Solaris,Testing,Ireland,1
LTDEU001,Linux,Testing,Germany,1
APDEU001,AIX,Production,Germany,1
SIDEU001,Solaris,Integration,Germany,1
HSIRL002,HP-UX,Staging,Ireland,2
ASESP003,AIX,Staging,Spain,3
ADESP001,AIX,Development,Spain,1
HPDEU001,HP-UX,Production,Germany,1
ATDEU001,AIX,Testing,Germany,1
ADDEU001,AIX,Development,Germany,1
SSIRL001,Solaris,Staging,Ireland,1
LSDEU001,Linux,Staging,Germany,1
SSNOR001,Solaris,Staging,Norway,1
SSITA002,Solaris,Staging,Italy,2
LSDEU002,Linux,Staging,Germany,2
SSITA003,Solaris,Staging,Italy,3
SIIRL002,Solaris,Integration,Ireland,2
LPDEU002,Linux,Production,Germany,2
LPITA001,Linux,Production,Italy,1
LPDEU003,Linux,Production,Germany,3
LDESP001,Linux,Development,Spain,1
SPDEU001,Solaris,Production,Germany,1
LDIRL002,Linux,Development,Ireland,2
SSDEU002,Solaris,Staging,Germany,2
STDEU001,Solaris,Testing,Germany,1
LSIRL001,Linux,Staging,Ireland,1
LIIRL001,Linux,Integration,Ireland,1
SPESP001,Solaris,Production,Spain,1
AIIRL001,AIX,Integration,Ireland,1
LPIRL001,Linux,Production,Ireland,1
STITA001,Solaris,Testing,Italy,1
AIDEU002,AIX,Integration,Germany,2
LPIRL002,Linux,Production,Ireland,2
APIRL001,AIX,Production,Ireland,1
APITA001,AIX,Production,Italy,1
LPIRL003,Linux,Production,Ireland,3
STIRL002,Solaris,Testing,Ireland,2
LPITA002,Linux,Production,Italy,2
STITA002,Solaris,Testing,Italy,2
LTESP001,Linux,Testing,Spain,1
APESP001,AIX,Production,Spain,1
SPIRL001,Solaris,Production,Ireland,1
APESP002,AIX,Production,Spain,2
ASNOR001,AIX,Staging,Norway,1
ATESP001,AIX,Testing,Spain,1
LIDEU001,Linux,Integration,Germany,1
LPIRL004,Linux,Production,Ireland,4
LTIRL002,Linux,Testing,Ireland,2
LPIRL005,Linux,Production,Ireland,5
ASFRA001,AIX,Staging,France,1
SSDEU003,Solaris,Staging,Germany,3
SIDEU002,Solaris,Integration,Germany,2
ASFRA002,AIX,Staging,France,2
LPIRL006,Linux,Production,Ireland,6
LSESP003,Linux,Staging,Spain,3
STESP001,Solaris,Testing,Spain,1
ASIRL001,AIX,Staging,Ireland,1
ADDEU002,AIX,Development,Germany,2
HPDEU002,HP-UX,Production,Germany,2
SPIRL002,Solaris,Production,Ireland,2
SPDEU002,Solaris,Production,Germany,2
STIRL003,Solaris,Testing,Ireland,3
LTITA002,Linux,Testing,Italy,2
STIRL004,Solaris,Testing,Ireland,4
HTIRL001,HP-UX,Testing,Ireland,1
LTESP002,Linux,Testing,Spain,2
LSITA002,Linux,Staging,Italy,2
LSITA003,Linux,Staging,Italy,3
HDIRL001,HP-UX,Development,Ireland,1
STESP002,Solaris,Testing,Spain,2
APIRL002,AIX,Production,Ireland,2
ATDEU002,AIX,Testing,Germany,2
SSFRA001,Solaris,Staging,France,1
SPITA001,Solaris,Production,Italy,1
SSITA004,Solaris,Staging,Italy,4
LPDEU004,Linux,Production,Germany,4
LPIRL007,Linux,Production,Ireland,7
HPIRL001,HP-UX,Production,Ireland,1
LPIRL008,Linux,Production,Ireland,8
LTIRL003,Linux,Testing,Ireland,3
SSIRL002,Solaris,Staging,Ireland,2
LPITA003,Linux,Production,Italy,3
ASITA001,AIX,Staging,Italy,1
SSDEU004,Solaris,Staging,Germany,4
HTFRA001,HP-UX,Testing,France,1
ATFRA001,AIX,Testing,France,1
STIRL005,Solaris,Testing,Ireland,5
LTITA003,Linux,Testing,Italy,3
SSNOR002,Solaris,Staging,Norway,2
HTESP001,HP-UX,Testing,Spain,1
SSIRL003,Solaris,Staging,Ireland,3
SDIRL001,Solaris,Development,Ireland,1
SSITA005,Solaris,Staging,Italy,5
LDDEU001,Linux,Development,Germany,1
APESP003,AIX,Production,Spain,3
SINOR001,Solaris,Integration,Norway,1
LTITA004,Linux,Testing,Italy,4
LSFRA001,Linux,Staging,France,1
SPESP002,Solaris,Production,Spain,2
SIFRA001,Solaris,Integration,France,1
APIRL003,AIX,Production,Ireland,3
SDIRL002,Solaris,Development,Ireland,2
SPESP003,Solaris,Production,Spain,3
AIDEU003,AIX,Integration,Germany,3
ASIRL002,AIX,Staging,Ireland,2
APITA002,AIX,Production,Italy,2
SSIRL004,Solaris,Staging,Ireland,4
HSDEU001,HP-UX,Staging,Germany,1
LPFRA001,Linux,Production,France,1
SSESP001,Solaris,Staging,Spain,1
LSESP004,Linux,Staging,Spain,4
AIDEU004,AIX,Integration,Germany,4
LSESP005,Linux,Staging,Spain,5
LTIRL004,Linux,Testing,Ireland,4
HPDEU003,HP-UX,Production,Germany,3
LSDEU003,Linux,Staging,Germany,3
LSNOR001,Linux,Staging,Norway,1
STESP003,Solaris,Testing,Spain,3
SPIRL003,Solaris,Production,Ireland,3
LTDEU002,Linux,Testing,Germany,2
LPFRA002,Linux,Production,France,2
SPDEU003,Solaris,Production,Germany,3
SPDEU004,Solaris,Production,Germany,4
LDESP002,Linux,Development,Spain,2
SPDEU005,Solaris,Production,Germany,5
LDIRL003,Linux,Development,Ireland,3
LPNOR001,Linux,Production,Norway,1
SSIRL005,Solaris,Staging,Ireland,5
AIFRA001,AIX,Integration,France,1
ATDEU003,AIX,Testing,Germany,3
ADIRL001,AIX,Development,Ireland,1
LTDEU003,Linux,Testing,Germany,3
SPESP004,Solaris,Production,Spain,4
APESP004,AIX,Production,Spain,4
SPIRL004,Solaris,Production,Ireland,4
LIDEU002,Linux,Integration,Germany,2
LTDEU004,Linux,Testing,Germany,4
HSDEU002,HP-UX,Staging,Germany,2
LPIRL009,Linux,Production,Ireland,9
APITA003,AIX,Production,Italy,3
SDDEU001,Solaris,Development,Germany,1
LSIRL002,Linux,Staging,Ireland,2
LPIRL010,Linux,Production,Ireland,10
HPIRL002,HP-UX,Production,Ireland,2
SDESP001,Solaris,Development,Spain,1
LDFRA001,Linux,Development,France,1
ASDEU001,AIX,Staging,Germany,1
ATITA001,AIX,Testing,Italy,1
LPDEU005,Linux,Production,Germany,5
ASIRL003,AIX,Staging,Ireland,3
HTITA001,HP-UX,Testing,Italy,1
AIFRA002,AIX,Integration,France,2
ATIRL001,AIX,Testing,Ireland,1
LSESP006,Linux,Staging,Spain,6
APDEU002,AIX,Production,Germany,2
LPITA004,Linux,Production,Italy,4
ATESP002,AIX,Testing,Spain,2
HPITA001,HP-UX,Production,Italy,1
ATITA002,AIX,Testing,Italy,2
LIDEU003,Linux,Integration,Germany,3
HTNOR001,HP-UX,Testing,Norway,1
LDESP003,Linux,Development,Spain,3
SPESP005,Solaris,Production,Spain,5
LTDEU005,Linux,Testing,Germany,5
LPESP001,Linux,Production,Spain,1
HSDEU003,HP-UX,Staging,Germany,3
LSDEU004,Linux,Staging,Germany,4
SPIRL005,Solaris,Production,Ireland,5
SPIRL006,Solaris,Production,Ireland,6
SSDEU005,Solaris,Staging,Germany,5
SSITA006,Solaris,Staging,Italy,6
LTESP003,Linux,Testing,Spain,3
APFRA001,AIX,Production,France,1
LTDEU006,Linux,Testing,Germany,6
LPIRL011,Linux,Production,Ireland,11
LPDEU006,Linux,Production,Germany,6
SPITA002,Solaris,Production,Italy,2
SPESP006,Solaris,Production,Spain,6
LPDEU007,Linux,Production,Germany,7
LPITA005,Linux,Production,Italy,5
ADITA001,AIX,Development,Italy,1
SSDEU006,Solaris,Staging,Germany,6
LPESP002,Linux,Production,Spain,2
LPESP003,Linux,Production,Spain,3
SSIRL006,Solaris,Staging,Ireland,6
APDEU003,AIX,Production,Germany,3
SIITA001,Solaris,Integration,Italy,1
AIFRA003,AIX,Integration,France,3
LPDEU008,Linux,Production,Germany,8
ASDEU002,AIX,Staging,Germany,2
ASFRA003,AIX,Staging,France,3
SSDEU007,Solaris,Staging,Germany,7
LSESP007,Linux,Staging,Spain,7
ASIRL004,AIX,Staging,Ireland,4
ATDEU004,AIX,Testing,Germany,4
LPIRL012,Linux,Production,Ireland,12
LPIRL013,Linux,Production,Ireland,13
ATITA003,AIX,Testing,Italy,3
SPITA003,Solaris,Production,Italy,3
SDESP002,Solaris,Development,Spain,2
LTESP004,Linux,Testing,Spain,4
LIDEU004,Linux,Integration,Germany,4
SSDEU008,Solaris,Staging,Germany,8
SDESP003,Solaris,Development,Spain,3
SPIRL007,Solaris,Production,Ireland,7
APFRA002,AIX,Production,France,2
LTIRL005,Linux,Testing,Ireland,5
ATIRL002,AIX,Testing,Ireland,2
LTITA005,Linux,Testing,Italy,5
LPDEU009,Linux,Production,Germany,9
SSDEU009,Solaris,Staging,Germany,9
LSIRL003,Linux,Staging,Ireland,3
LSIRL004,Linux,Staging,Ireland,4
LPDEU010,Linux,Production,Germany,10
HSDEU004,HP-UX,Staging,Germany,4
SSIRL007,Solaris,Staging,Ireland,7
LPIRL014,Linux,Production,Ireland,14
STDEU002,Solaris,Testing,Germany,2
LPDEU011,Linux,Production,Germany,11
SIESP001,Solaris,Integration,Spain,1
LTIRL006,Linux,Testing,Ireland,6
STIRL006,Solaris,Testing,Ireland,6
LTESP005,Linux,Testing,Spain,5
LPDEU012,Linux,Production,Germany,12
LSNOR002,Linux,Staging,Norway,2
SPDEU006,Solaris,Production,Germany,6
SDDEU002,Solaris,Development,Germany,2
SSESP002,Solaris,Staging,Spain,2
STIRL007,Solaris,Testing,Ireland,7
LSITA004,Linux,Staging,Italy,4
STITA003,Solaris,Testing,Italy,3
LIIRL002,Linux,Integration,Ireland,2
SSESP003,Solaris,Staging,Spain,3
APIRL004,AIX,Production,Ireland,4
HDDEU001,HP-UX,Development,Germany,1
LPIRL015,Linux,Production,Ireland,15
LPIRL016,Linux,Production,Ireland,16
SPDEU007,Solaris,Production,Germany,7
LTDEU007,Linux,Testing,Germany,7
APIRL005,AIX,Production,Ireland,5
LSFRA002,Linux,Staging,France,2
SSIRL008,Solaris,Staging,Ireland,8
ASITA002,AIX,Staging,Italy,2
LDDEU002,Linux,Development,Germany,2
ASITA003,AIX,Staging,Italy,3
LIDEU005,Linux,Integration,Germany,5
LTESP006,Linux,Testing,Spain,6
LDIRL004,Linux,Development,Ireland,4
HPESP001,HP-UX,Production,Spain,1
HSESP001,HP-UX,Staging,Spain,1
HIIRL001,HP-UX,Integration,Ireland,1
HPIRL003,HP-UX,Production,Ireland,3
LTIRL007,Linux,Testing,Ireland,7
HPFRA001,HP-UX,Production,France,1
LSIRL005,Linux,Staging,Ireland,5
LSIRL006,Linux,Staging,Ireland,6
ADIRL002,AIX,Development,Ireland,2
SPESP007,Solaris,Production,Spain,7
SDIRL003,Solaris,Development,Ireland,3
SSNOR003,Solaris,Staging,Norway,3
LPFRA003,Linux,Production,France,3
LPESP004,Linux,Production,Spain,4
ADDEU003,AIX,Development,Germany,3
ATITA004,AIX,Testing,Italy,4
STIRL008,Solaris,Testing,Ireland,8
LIIRL003,Linux,Integration,Ireland,3
SPIRL008,Solaris,Production,Ireland,8
LPDEU013,Linux,Production,Germany,13
SPDEU008,Solaris,Production,Germany,8
SSDEU010,Solaris,Staging,Germany,10
LSNOR003,Linux,Staging,Norway,3
STESP004,Solaris,Testing,Spain,4
LSITA005,Linux,Staging,Italy,5
LDITA001,Linux,Development,Italy,1
LTIRL008,Linux,Testing,Ireland,8
STFRA001,Solaris,Testing,France,1
HDFRA001,HP-UX,Development,France,1
ADDEU004,AIX,Development,Germany,4
SPNOR001,Solaris,Production,Norway,1
LPDEU014,Linux,Production,Germany,14
HSESP002,HP-UX,Staging,Spain,2
LTFRA001,Linux,Testing,France,1
HSIRL003,HP-UX,Staging,Ireland,3
SSIRL009,Solaris,Staging,Ireland,9
SSFRA002,Solaris,Staging,France,2
LSIRL007,Linux,Staging,Ireland,7
LTDEU008,Linux,Testing,Germany,8
SSDEU011,Solaris,Staging,Germany,11
LTIRL009,Linux,Testing,Ireland,9
STDEU003,Solaris,Testing,Germany,3
LPESP005,Linux,Production,Spain,5
LTIRL010,Linux,Testing,Ireland,10
LTIRL011,Linux,Testing,Ireland,11
LTIRL012,Linux,Testing,Ireland,12
LSITA006,Linux,Staging,Italy,6
HTIRL002,HP-UX,Testing,Ireland,2
SPIRL009,Solaris,Production,Ireland,9
LPESP006,Linux,Production,Spain,6
LTESP007,Linux,Testing,Spain,7
STDEU004,Solaris,Testing,Germany,4
SPIRL010,Solaris,Production,Ireland,10
LPESP007,Linux,Production,Spain,7
LTESP008,Linux,Testing,Spain,8
LTESP009,Linux,Testing,Spain,9
LTNOR001,Linux,Testing,Norway,1
SIITA002,Solaris,Integration,Italy,2
LSDEU005,Linux,Staging,Germany,5
SPDEU009,Solaris,Production,Germany,9
SSNOR004,Solaris,Staging,Norway,4
HTIRL003,HP-UX,Testing,Ireland,3
ASDEU003,AIX,Staging,Germany,3
HPITA002,HP-UX,Production,Italy,2
SDESP004,Solaris,Development,Spain,4
SSIRL010,Solaris,Staging,Ireland,10
LSDEU006,Linux,Staging,Germany,6
ATITA005,AIX,Testing,Italy,5
SSITA007,Solaris,Staging,Italy,7
LIESP001,Linux,Integration,Spain,1
ASIRL005,AIX,Staging,Ireland,5
LSDEU007,Linux,Staging,Germany,7
LTFRA002,Linux,Testing,France,2
LSITA007,Linux,Staging,Italy,7
AIIRL002,AIX,Integration,Ireland,2
HPFRA002,HP-UX,Production,France,2
LSDEU008,Linux,Staging,Germany,8
LSDEU009,Linux,Staging,Germany,9
ASITA004,AIX,Staging,Italy,4
SSIRL011,Solaris,Staging,Ireland,11
HPDEU004,HP-UX,Production,Germany,4
APIRL006,AIX,Production,Ireland,6
LTIRL013,Linux,Testing,Ireland,13
LSITA008,Linux,Staging,Italy,8
ASIRL006,AIX,Staging,Ireland,6
LPIRL017,Linux,Production,Ireland,17
LTIRL014,Linux,Testing,Ireland,14
SSIRL012,Solaris,Staging,Ireland,12
STNOR001,Solaris,Testing,Norway,1
LPIRL018,Linux,Production,Ireland,18
LPESP008,Linux,Production,Spain,8
STFRA002,Solaris,Testing,France,2
SSIRL013,Solaris,Staging,Ireland,13
LSIRL008,Linux,Staging,Ireland,8
HTDEU001,HP-UX,Testing,Germany,1
ATITA006,AIX,Testing,Italy,6
SSITA008,Solaris,Staging,Italy,8
STDEU005,Solaris,Testing,Germany,5
LDDEU003,Linux,Development,Germany,3
HPIRL004,HP-UX,Production,Ireland,4
STIRL009,Solaris,Testing,Ireland,9
SPDEU010,Solaris,Production,Germany,10
SPDEU011,Solaris,Production,Germany,11
SPIRL011,Solaris,Production,Ireland,11
AIITA001,AIX,Integration,Italy,1
ATIRL003,AIX,Testing,Ireland,3
LSIRL009,Linux,Staging,Ireland,9
ATNOR001,AIX,Testing,Norway,1
SDIRL004,Solaris,Development,Ireland,4
LSITA009,Linux,Staging,Italy,9
LTFRA003,Linux,Testing,France,3
SSDEU012,Solaris,Staging,Germany,12
LPIRL019,Linux,Production,Ireland,19
ADDEU005,AIX,Development,Germany,5
ATITA007,AIX,Testing,Italy,7
LIFRA001,Linux,Integration,France,1
SPDEU012,Solaris,Production,Germany,12
ATESP003,AIX,Testing,Spain,3
LPIRL020,Linux,Production,Ireland,20
ATFRA002,AIX,Testing,France,2
HDIRL002,HP-UX,Development,Ireland,2
LPESP009,Linux,Production,Spain,9
HDESP001,HP-UX,Development,Spain,1
HSITA001,HP-UX,Staging,Italy,1
LTESP010,Linux,Testing,Spain,10
LIIRL004,Linux,Integration,Ireland,4
APDEU004,AIX,Production,Germany,4
ATITA008,AIX,Testing,Italy,8
APFRA003,AIX,Production,France,3
SPITA004,Solaris,Production,Italy,4
LSESP008,Linux,Staging,Spain,8
LPDEU015,Linux,Production,Germany,15
AIDEU005,AIX,Integration,Germany,5
LIITA001,Linux,Integration,Italy,1
LPDEU016,Linux,Production,Germany,16
LSESP009,Linux,Staging,Spain,9
ATDEU005,AIX,Testing,Germany,5
ASIRL007,AIX,Staging,Ireland,7
LTIRL015,Linux,Testing,Ireland,15
SDDEU003,Solaris,Development,Germany,3
STITA004,Solaris,Testing,Italy,4
SSITA009,Solaris,Staging,Italy,9
LDDEU004,Linux,Development,Germany,4
HSITA002,HP-UX,Staging,Italy,2
LDDEU005,Linux,Development,Germany,5
LPIRL021,Linux,Production,Ireland,21
SSIRL014,Solaris,Staging,Ireland,14
SPITA005,Solaris,Production,Italy,5
STFRA003,Solaris,Testing,France,3
SPIRL012,Solaris,Production,Ireland,12
LSESP010,Linux,Staging,Spain,10
HTIRL004,HP-UX,Testing,Ireland,4
STIRL010,Solaris,Testing,Ireland,10
ATIRL004,AIX,Testing,Ireland,4
STESP005,Solaris,Testing,Spain,5
LPIRL022,Linux,Production,Ireland,22
ASFRA004,AIX,Staging,France,4
LSFRA003,Linux,Staging,France,3
SPITA006,Solaris,Production,Italy,6
LTDEU009,Linux,Testing,Germany,9
LSIRL010,Linux,Staging,Ireland,10
HIESP001,HP-UX,Integration,Spain,1
ASIRL008,AIX,Staging,Ireland,8
LSITA010,Linux,Staging,Italy,10
LTNOR002,Linux,Testing,Norway,2
SDIRL005,Solaris,Development,Ireland,5
STIRL011,Solaris,Testing,Ireland,11
SSESP004,Solaris,Staging,Spain,4
SSDEU013,Solaris,Staging,Germany,13
SSESP005,Solaris,Staging,Spain,5
SIDEU003,Solaris,Integration,Germany,3
STDEU006,Solaris,Testing,Germany,6
SSIRL015,Solaris,Staging,Ireland,15
SSESP006,Solaris,Staging,Spain,6
SSIRL016,Solaris,Staging,Ireland,16
ASNOR002,AIX,Staging,Norway,2
LDITA002,Linux,Development,Italy,2
AIESP001,AIX,Integration,Spain,1
LSIRL011,Linux,Staging,Ireland,11
SIIRL003,Solaris,Integration,Ireland,3
ATFRA003,AIX,Testing,France,3
HPESP002,HP-UX,Production,Spain,2
SPESP008,Solaris,Production,Spain,8
HIESP002,HP-UX,Integration,Spain,2
LPIRL023,Linux,Production,Ireland,23
STIRL012,Solaris,Testing,Ireland,12
LPIRL024,Linux,Production,Ireland,24
LDDEU006,Linux,Development,Germany,6
ASITA005,AIX,Staging,Italy,5
STDEU007,Solaris,Testing,Germany,7
HTESP002,HP-UX,Testing,Spain,2
LSESP011,Linux,Staging,Spain,11
ASIRL009,AIX,Staging,Ireland,9
STFRA004,Solaris,Testing,France,4
LSITA011,Linux,Staging,Italy,11
SSESP007,Solaris,Staging,Spain,7
ASDEU004,AIX,Staging,Germany,4
ASITA006,AIX,Staging,Italy,6
SSFRA003,Solaris,Staging,France,3
STDEU008,Solaris,Testing,Germany,8
LPDEU017,Linux,Production,Germany,17
STITA005,Solaris,Testing,Italy,5
ASFRA005,AIX,Staging,France,5
HTESP003,HP-UX,Testing,Spain,3
LDIRL005,Linux,Development,Ireland,5
LIDEU006,Linux,Integration,Germany,6
SSDEU014,Solaris,Staging,Germany,14
ATITA009,AIX,Testing,Italy,9
SPDEU013,Solaris,Production,Germany,13
HTIRL005,HP-UX,Testing,Ireland,5
ASITA007,AIX,Staging,Italy,7
STITA006,Solaris,Testing,Italy,6
HDNOR001,HP-UX,Development,Norway,1
HDIRL003,HP-UX,Development,Ireland,3
SSITA010,Solaris,Staging,Italy,10
ASDEU005,AIX,Staging,Germany,5
LDDEU007,Linux,Development,Germany,7
STDEU009,Solaris,Testing,Germany,9
HTITA002,HP-UX,Testing,Italy,2
LIIRL005,Linux,Integration,Ireland,5
STDEU010,Solaris,Testing,Germany,10
LPNOR002,Linux,Production,Norway,2
STDEU011,Solaris,Testing,Germany,11
SPITA007,Solaris,Production,Italy,7
LIESP002,Linux,Integration,Spain,2
LSIRL012,Linux,Staging,Ireland,12
LSESP012,Linux,Staging,Spain,12
SDITA001,Solaris,Development,Italy,1
LPFRA004,Linux,Production,France,4
LPIRL025,Linux,Production,Ireland,25
APNOR001,AIX,Production,Norway,1
AIIRL003,AIX,Integration,Ireland,3
SSITA011,Solaris,Staging,Italy,11
STDEU012,Solaris,Testing,Germany,12
LIITA002,Linux,Integration,Italy,2
LIDEU007,Linux,Integration,Germany,7
LTITA006,Linux,Testing,Italy,6
LPFRA005,Linux,Production,France,5
SSIRL017,Solaris,Staging,Ireland,17
STITA007,Solaris,Testing,Italy,7
AIFRA004,AIX,Integration,France,4
LSFRA004,Linux,Staging,France,4
HSIRL004,HP-UX,Staging,Ireland,4
ATDEU006,AIX,Testing,Germany,6
LPDEU018,Linux,Production,Germany,18
ATESP004,AIX,Testing,Spain,4
ASDEU006,AIX,Staging,Germany,6
LIITA003,Linux,Integration,Italy,3
SSESP008,Solaris,Staging,Spain,8
LTITA007,Linux,Testing,Italy,7
LTIRL016,Linux,Testing,Ireland,16
LSIRL013,Linux,Staging,Ireland,13
LIIRL006,Linux,Integration,Ireland,6
SPIRL013,Solaris,Production,Ireland,13
LSESP013,Linux,Staging,Spain,13
SPDEU014,Solaris,Production,Germany,14
HPIRL005,HP-UX,Production,Ireland,5
SIITA003,Solaris,Integration,Italy,3
LDESP004,Linux,Development,Spain,4
SSITA012,Solaris,Staging,Italy,12
ASESP004,AIX,Staging,Spain,4
STIRL013,Solaris,Testing,Ireland,13
STESP006,Solaris,Testing,Spain,6
LSIRL014,Linux,Staging,Ireland,14
SDESP005,Solaris,Development,Spain,5
SSESP009,Solaris,Staging,Spain,9
ATIRL005,AIX,Testing,Ireland,5
HPIRL006,HP-UX,Production,Ireland,6
AIIRL004,AIX,Integration,Ireland,4
ATITA010,AIX,Testing,Italy,10
SIDEU004,Solaris,Integration,Germany,4
SSITA013,Solaris,Staging,Italy,13
AIESP002,AIX,Integration,Spain,2
SDITA002,Solaris,Development,Italy,2
LTDEU010,Linux,Testing,Germany,10
ATIRL006,AIX,Testing,Ireland,6
SPNOR002,Solaris,Production,Norway,2
ATESP005,AIX,Testing,Spain,5
SDIRL006,Solaris,Development,Ireland,6
LTFRA004,Linux,Testing,France,4
LPESP010,Linux,Production,Spain,10
STDEU013,Solaris,Testing,Germany,13
LDIRL006,Linux,Development,Ireland,6
ASIRL010,AIX,Staging,Ireland,10
LDIRL007,Linux,Development,Ireland,7
LPESP011,Linux,Production,Spain,11
LPESP012,Linux,Production,Spain,12
LPFRA006,Linux,Production,France,6
LPITA006,Linux,Production,Italy,6
APITA004,AIX,Production,Italy,4
LDITA003,Linux,Development,Italy,3
STIRL014,Solaris,Testing,Ireland,14
APIRL007,AIX,Production,Ireland,7
LTDEU011,Linux,Testing,Germany,11
SIDEU005,Solaris,Integration,Germany,5
LSITA012,Linux,Staging,Italy,12
STESP007,Solaris,Testing,Spain,7
LPIRL026,Linux,Production,Ireland,26
LIDEU008,Linux,Integration,Germany,8
SPNOR003,Solaris,Production,Norway,3
STIRL015,Solaris,Testing,Ireland,15
SSITA014,Solaris,Staging,Italy,14
LTIRL017,Linux,Testing,Ireland,17
LSDEU010,Linux,Staging,Germany,10
ADITA002,AIX,Development,Italy,2
SPNOR004,Solaris,Production,Norway,4
ADIRL003,AIX,Development,Ireland,3
STNOR002,Solaris,Testing,Norway,2
LIDEU009,Linux,Integration,Germany,9
ASDEU007,AIX,Staging,Germany,7
HTFRA002,HP-UX,Testing,France,2
ASESP005,AIX,Staging,Spain,5
ASESP006,AIX,Staging,Spain,6
SSDEU015,Solaris,Staging,Germany,15
ASFRA006,AIX,Staging,France,6
STIRL016,Solaris,Testing,Ireland,16
LPDEU019,Linux,Production,Germany,19
STIRL017,Solaris,Testing,Ireland,17
LSIRL015,Linux,Staging,Ireland,15
STFRA005,Solaris,Testing,France,5
LDFRA002,Linux,Development,France,2
STESP008,Solaris,Testing,Spain,8
LPITA007,Linux,Production,Italy,7
SIIRL004,Solaris,Integration,Ireland,4
LPNOR003,Linux,Production,Norway,3
LDIRL008,Linux,Development,Ireland,8
LTESP011,Linux,Testing,Spain,11
APDEU005,AIX,Production,Germany,5
LTIRL018,Linux,Testing,Ireland,18
APIRL008,AIX,Production,Ireland,8
LIFRA002,Linux,Integration,France,2
SPESP009,Solaris,Production,Spain,9
HTFRA003,HP-UX,Testing,France,3
APESP005,AIX,Production,Spain,5
ATITA011,AIX,Testing,Italy,11
SPDEU015,Solaris,Production,Germany,15
SPDEU016,Solaris,Production,Germany,16
LPESP013,Linux,Production,Spain,13
STDEU014,Solaris,Testing,Germany,14
STFRA006,Solaris,Testing,France,6
SSITA015,Solaris,Staging,Italy,15
SPIRL014,Solaris,Production,Ireland,14
LSIRL016,Linux,Staging,Ireland,16
SIITA004,Solaris,Integration,Italy,4
LIDEU010,Linux,Integration,Germany,10
LSNOR004,Linux,Staging,Norway,4
LSITA013,Linux,Staging,Italy,13
ASFRA007,AIX,Staging,France,7
LPITA008,Linux,Production,Italy,8
ATIRL007,AIX,Testing,Ireland,7
LTIRL019,Linux,Testing,Ireland,19
LDITA004,Linux,Development,Italy,4
LPFRA007,Linux,Production,France,7
SSIRL018,Solaris,Staging,Ireland,18
ASESP007,AIX,Staging,Spain,7
ATDEU007,AIX,Testing,Germany,7
LTITA008,Linux,Testing,Italy,8
HPITA003,HP-UX,Production,Italy,3
SSESP010,Solaris,Staging,Spain,10
LPITA009,Linux,Production,Italy,9
STIRL018,Solaris,Testing,Ireland,18
HIESP003,HP-UX,Integration,Spain,3
ATDEU008,AIX,Testing,Germany,8
LSDEU011,Linux,Staging,Germany,11
STDEU015,Solaris,Testing,Germany,15
SDESP006,Solaris,Development,Spain,6
APDEU006,AIX,Production,Germany,6
HIIRL002,HP-UX,Integration,Ireland,2
LTITA009,Linux,Testing,Italy,9
LPITA010,Linux,Production,Italy,10
SSESP011,Solaris,Staging,Spain,11
SSIRL019,Solaris,Staging,Ireland,19
LPITA011,Linux,Production,Italy,11
SPESP010,Solaris,Production,Spain,10
APIRL009,AIX,Production,Ireland,9
LIITA004,Linux,Integration,Italy,4
STESP009,Solaris,Testing,Spain,9
SIIRL005,Solaris,Integration,Ireland,5
LPDEU020,Linux,Production,Germany,20
HTFRA004,HP-UX,Testing,France,4
ATDEU009,AIX,Testing,Germany,9
LPFRA008,Linux,Production,France,8
SSFRA004,Solaris,Staging,France,4
LSITA014,Linux,Staging,Italy,14
HTITA003,HP-UX,Testing,Italy,3
ATFRA004,AIX,Testing,France,4
SDDEU004,Solaris,Development,Germany,4
SIITA005,Solaris,Integration,Italy,5
LTDEU012,Linux,Testing,Germany,12
ADIRL004,AIX,Development,Ireland,4
APITA005,AIX,Production,Italy,5
LIIRL007,Linux,Integration,Ireland,7
LSIRL017,Linux,Staging,Ireland,17
SDDEU005,Solaris,Development,Germany,5
LSIRL018,Linux,Staging,Ireland,18
SIESP002,Solaris,Integration,Spain,2
ATDEU010,AIX,Testing,Germany,10
APIRL010,AIX,Production,Ireland,10
LPDEU021,Linux,Production,Germany,21
SIESP003,Solaris,Integration,Spain,3
LSIRL019,Linux,Staging,Ireland,19
SPFRA001,Solaris,Production,France,1
LSIRL020,Linux,Staging,Ireland,20
HSDEU005,HP-UX,Staging,Germany,5
LSITA015,Linux,Staging,Italy,15
HTNOR002,HP-UX,Testing,Norway,2
SPITA008,Solaris,Production,Italy,8
LTDEU013,Linux,Testing,Germany,13
LSDEU012,Linux,Staging,Germany,12
SDNOR001,Solaris,Development,Norway,1
HPIRL007,HP-UX,Production,Ireland,7
SDIRL007,Solaris,Development,Ireland,7
SDIRL008,Solaris,Development,Ireland,8
ATFRA005,AIX,Testing,France,5
AIFRA005,AIX,Integration,France,5
LTIRL020,Linux,Testing,Ireland,20
SSITA016,Solaris,Staging,Italy,16
SSIRL020,Solaris,Staging,Ireland,20
LSESP014,Linux,Staging,Spain,14
HTIRL006,HP-UX,Testing,Ireland,6
APESP006,AIX,Production,Spain,6
HPIRL008,HP-UX,Production,Ireland,8
HPDEU005,HP-UX,Production,Germany,5
HPDEU006,HP-UX,Production,Germany,6
LTESP012,Linux,Testing,Spain,12
LSIRL021,Linux,Staging,Ireland,21
LTDEU014,Linux,Testing,Germany,14
LPNOR004,Linux,Production,Norway,4
LSIRL022,Linux,Staging,Ireland,22
LTIRL021,Linux,Testing,Ireland,21
LPESP014,Linux,Production,Spain,14
STIRL019,Solaris,Testing,Ireland,19
LPITA012,Linux,Production,Italy,12
LTITA010,Linux,Testing,Italy,10
APESP007,AIX,Production,Spain,7
LPITA013,Linux,Production,Italy,13
LSESP015,Linux,Staging,Spain,15
SSIRL021,Solaris,Staging,Ireland,21
SIITA006,Solaris,Integration,Italy,6
LIIRL008,Linux,Integration,Ireland,8
LTDEU015,Linux,Testing,Germany,15
LTNOR003,Linux,Testing,Norway,3
SIFRA002,Solaris,Integration,France,2
SPDEU017,Solaris,Production,Germany,17
ADIRL005,AIX,Development,Ireland,5
ATFRA006,AIX,Testing,France,6
LSFRA005,Linux,Staging,France,5
SDIRL009,Solaris,Development,Ireland,9
STDEU016,Solaris,Testing,Germany,16
ASFRA008,AIX,Staging,France,8
LTITA011,Linux,Testing,Italy,11
SPNOR005,Solaris,Production,Norway,5
STESP010,Solaris,Testing,Spain,10
LPDEU022,Linux,Production,Germany,22
ATDEU011,AIX,Testing,Germany,11
STDEU017,Solaris,Testing,Germany,17
LSDEU013,Linux,Staging,Germany,13
HSESP003,HP-UX,Staging,Spain,3
LSIRL023,Linux,Staging,Ireland,23
SSFRA005,Solaris,Staging,France,5
SDIRL010,Solaris,Development,Ireland,10
STESP011,Solaris,Testing,Spain,11
SPESP011,Solaris,Production,Spain,11
HIIRL003,HP-UX,Integration,Ireland,3
LTDEU016,Linux,Testing,Germany,16
LSIRL024,Linux,Staging,Ireland,24
LIDEU011,Linux,Integration,Germany,11
STITA008,Solaris,Testing,Italy,8
SIIRL006,Solaris,Integration,Ireland,6
LPESP015,Linux,Production,Spain,15
LPFRA009,Linux,Production,France,9
SSDEU016,Solaris,Staging,Germany,16
SPIRL015,Solaris,Production,Ireland,15
HSIRL005,HP-UX,Staging,Ireland,5
ASDEU008,AIX,Staging,Germany,8
LPIRL027,Linux,Production,Ireland,27
SSFRA006,Solaris,Staging,France,6
ATESP006,AIX,Testing,Spain,6
HTFRA005,HP-UX,Testing,France,5
LDIRL009,Linux,Development,Ireland,9
STITA009,Solaris,Testing,Italy,9
SIESP004,Solaris,Integration,Spain,4
SPDEU018,Solaris,Production,Germany,18
APNOR002,AIX,Production,Norway,2
ASITA008,AIX,Staging,Italy,8
HDITA001,HP-UX,Development,Italy,1
SDDEU006,Solaris,Development,Germany,6
SSIRL022,Solaris,Staging,Ireland,22
LTITA012,Linux,Testing,Italy,12
SIESP005,Solaris,Integration,Spain,5
SPITA009,Solaris,Production,Italy,9
HPESP003,HP-UX,Production,Spain,3
LPITA014,Linux,Production,Italy,14
LPFRA010,Linux,Production,France,10
LSITA016,Linux,Staging,Italy,16
LSITA017,Linux,Staging,Italy,17
LSDEU014,Linux,Staging,Germany,14
LPFRA011,Linux,Production,France,11
SPESP012,Solaris,Production,Spain,12
LTESP013,Linux,Testing,Spain,13
LSIRL025,Linux,Staging,Ireland,25
LSIRL026,Linux,Staging,Ireland,26
HTFRA006,HP-UX,Testing,France,6
LPIRL028,Linux,Production,Ireland,28
STDEU018,Solaris,Testing,Germany,18
AIIRL005,AIX,Integration,Ireland,5
LTFRA005,Linux,Testing,France,5
HPDEU007,HP-UX,Production,Germany,7
STDEU019,Solaris,Testing,Germany,19
ASFRA009,AIX,Staging,France,9
APDEU007,AIX,Production,Germany,7
LIFRA003,Linux,Integration,France,3
HTITA004,HP-UX,Testing,Italy,4
LTIRL022,Linux,Testing,Ireland,22
LSIRL027,Linux,Staging,Ireland,27
LDESP005,Linux,Development,Spain,5
LTITA013,Linux,Testing,Italy,13
HSESP004,HP-UX,Staging,Spain,4
APDEU008,AIX,Production,Germany,8
LSESP016,Linux,Staging,Spain,16
SDIRL011,Solaris,Development,Ireland,11
SPITA010,Solaris,Production,Italy,10
SPDEU019,Solaris,Production,Germany,19
STIRL020,Solaris,Testing,Ireland,20
LTIRL023,Linux,Testing,Ireland,23
SPIRL016,Solaris,Production,Ireland,16
LPITA015,Linux,Production,Italy,15
LIIRL009,Linux,Integration,Ireland,9
LPFRA012,Linux,Production,France,12
ATESP007,AIX,Testing,Spain,7
ATIRL008,AIX,Testing,Ireland,8
SPFRA002,Solaris,Production,France,2
HPNOR001,HP-UX,Production,Norway,1
LPESP016,Linux,Production,Spain,16
SPESP013,Solaris,Production,Spain,13
LPDEU023,Linux,Production,Germany,23
LSDEU015,Linux,Staging,Germany,15
SPIRL017,Solaris,Production,Ireland,17
LIITA005,Linux,Integration,Italy,5
SSIRL023,Solaris,Staging,Ireland,23
LSDEU016,Linux,Staging,Germany,16
SIDEU006,Solaris,Integration,Germany,6
STIRL021,Solaris,Testing,Ireland,21
LPIRL029,Linux,Production,Ireland,29
LPIRL030,Linux,Production,Ireland,30
LPDEU024,Linux,Production,Germany,24
ATDEU012,AIX,Testing,Germany,12
AIIRL006,AIX,Integration,Ireland,6
ADNOR001,AIX,Development,Norway,1
LSIRL028,Linux,Staging,Ireland,28
LTIRL024,Linux,Testing,Ireland,24
APITA006,AIX,Production,Italy,6
STNOR003,Solaris,Testing,Norway,3
HTDEU002,HP-UX,Testing,Germany,2
SSITA017,Solaris,Staging,Italy,17
APITA007,AIX,Production,Italy,7
LPDEU025,Linux,Production,Germany,25
ATESP008,AIX,Testing,Spain,8
STITA010,Solaris,Testing,Italy,10
APIRL011,AIX,Production,Ireland,11
LPDEU026,Linux,Production,Germany,26
LPDEU027,Linux,Production,Germany,27
HSIRL006,HP-UX,Staging,Ireland,6
SIDEU007,Solaris,Integration,Germany,7
HDFRA002,HP-UX,Development,France,2
ATITA012,AIX,Testing,Italy,12
LSESP017,Linux,Staging,Spain,17
HSITA003,HP-UX,Staging,Italy,3
ADIRL006,AIX,Development,Ireland,6
LDIRL010,Linux,Development,Ireland,10
STNOR004,Solaris,Testing,Norway,4
STIRL022,Solaris,Testing,Ireland,22
APNOR003,AIX,Production,Norway,3
ADIRL007,AIX,Development,Ireland,7
SPITA011,Solaris,Production,Italy,11
SPITA012,Solaris,Production,Italy,12
HPDEU008,HP-UX,Production,Germany,8
HTITA005,HP-UX,Testing,Italy,5
LTDEU017,Linux,Testing,Germany,17
LPNOR005,Linux,Production,Norway,5
STESP012,Solaris,Testing,Spain,12
ATIRL009,AIX,Testing,Ireland,9
SDFRA001,Solaris,Development,France,1
ADESP002,AIX,Development,Spain,2
SPITA013,Solaris,Production,Italy,13
ADIRL008,AIX,Development,Ireland,8
LSESP018,Linux,Staging,Spain,18
STDEU020,Solaris,Testing,Germany,20
SSDEU017,Solaris,Staging,Germany,17
STIRL023,Solaris,Testing,Ireland,23
HTIRL007,HP-UX,Testing,Ireland,7
SPIRL018,Solaris,Production,Ireland,18
LSESP019,Linux,Staging,Spain,19
SPESP014,Solaris,Production,Spain,14
SSIRL024,Solaris,Staging,Ireland,24
LPIRL031,Linux,Production,Ireland,31
SDIRL012,Solaris,Development,Ireland,12
SPDEU020,Solaris,Production,Germany,20
SSDEU018,Solaris,Staging,Germany,18
LPIRL032,Linux,Production,Ireland,32
HSDEU006,HP-UX,Staging,Germany,6
STESP013,Solaris,Testing,Spain,13
STIRL024,Solaris,Testing,Ireland,24
HSITA004,HP-UX,Staging,Italy,4
LPDEU028,Linux,Production,Germany,28
LSDEU017,Linux,Staging,Germany,17
LTNOR004,Linux,Testing,Norway,4
ATESP009,AIX,Testing,Spain,9
ASIRL011,AIX,Staging,Ireland,11
HIIRL004,HP-UX,Integration,Ireland,4
LIFRA004,Linux,Integration,France,4
APIRL012,AIX,Production,Ireland,12
LDESP006,Linux,Development,Spain,6
ATESP010,AIX,Testing,Spain,10
ADITA003,AIX,Development,Italy,3
AIIRL007,AIX,Integration,Ireland,7
HTIRL008,HP-UX,Testing,Ireland,8
HPIRL009,HP-UX,Production,Ireland,9
STESP014,Solaris,Testing,Spain,14
SPDEU021,Solaris,Production,Germany,21
LPITA016,Linux,Production,Italy,16
APESP008,AIX,Production,Spain,8
LINOR001,Linux,Integration,Norway,1
SPIRL019,Solaris,Production,Ireland,19
LSDEU018,Linux,Staging,Germany,18
ASITA009,AIX,Staging,Italy,9
LDIRL011,Linux,Development,Ireland,11
STITA011,Solaris,Testing,Italy,11
LPFRA013,Linux,Production,France,13
ASFRA010,AIX,Staging,France,10
LTITA014,Linux,Testing,Italy,14
HTESP004,HP-UX,Testing,Spain,4
ATIRL010,AIX,Testing,Ireland,10
SSIRL025,Solaris,Staging,Ireland,25
APIRL013,AIX,Production,Ireland,13
APESP009,AIX,Production,Spain,9
LSESP020,Linux,Staging,Spain,20
LPDEU029,Linux,Production,Germany,29
LPESP017,Linux,Production,Spain,17
SIITA007,Solaris,Integration,Italy,7
SPNOR006,Solaris,Production,Norway,6
LIITA006,Linux,Integration,Italy,6
SSDEU019,Solaris,Staging,Germany,19
ATDEU013,AIX,Testing,Germany,13
LPDEU030,Linux,Production,Germany,30
HIFRA001,HP-UX,Integration,France,1
LTIRL025,Linux,Testing,Ireland,25
SIESP006,Solaris,Integration,Spain,6
APESP010,AIX,Production,Spain,10
LIDEU012,Linux,Integration,Germany,12
HPIRL010,HP-UX,Production,Ireland,10
SPFRA003,Solaris,Production,France,3
LIIRL010,Linux,Integration,Ireland,10
LPIRL033,Linux,Production,Ireland,33
HTIRL009,HP-UX,Testing,Ireland,9
LPDEU031,Linux,Production,Germany,31
LDIRL012,Linux,Development,Ireland,12
LPIRL034,Linux,Production,Ireland,34
HSITA005,HP-UX,Staging,Italy,5
SPESP015,Solaris,Production,Spain,15
APDEU009,AIX,Production,Germany,9
LDFRA003,Linux,Development,France,3
AIDEU006,AIX,Integration,Germany,6
STITA012,Solaris,Testing,Italy,12
ATESP011,AIX,Testing,Spain,11
SPITA014,Solaris,Production,Italy,14
SPIRL020,Solaris,Production,Ireland,20
ASESP008,AIX,Staging,Spain,8
SPITA015,Solaris,Production,Italy,15
LSITA018,Linux,Staging,Italy,18
APITA008,AIX,Production,Italy,8
STNOR005,Solaris,Testing,Norway,5
ATITA013,AIX,Testing,Italy,13
SSDEU020,Solaris,Staging,Germany,20
LSIRL029,Linux,Staging,Ireland,29
LTIRL026,Linux,Testing,Ireland,26
ASIRL012,AIX,Staging,Ireland,12
HTNOR003,HP-UX,Testing,Norway,3
SIIRL007,Solaris,Integration,Ireland,7
LPITA017,Linux,Production,Italy,17
LSESP021,Linux,Staging,Spain,21
LTDEU018,Linux,Testing,Germany,18
SSESP012,Solaris,Staging,Spain,12
LPIRL035,Linux,Production,Ireland,35
SSESP013,Solaris,Staging,Spain,13
APIRL014,AIX,Production,Ireland,14
STESP015,Solaris,Testing,Spain,15
STITA013,Solaris,Testing,Italy,13
SPITA016,Solaris,Production,Italy,16
ATNOR002,AIX,Testing,Norway,2
SDESP007,Solaris,Development,Spain,7
LSIRL030,Linux,Staging,Ireland,30
LTESP014,Linux,Testing,Spain,14
LPDEU032,Linux,Production,Germany,32
LTITA015,Linux,Testing,Italy,15
SDITA003,Solaris,Development,Italy,3
SSDEU021,Solaris,Staging,Germany,21
LPITA018,Linux,Production,Italy,18
APESP011,AIX,Production,Spain,11
APITA009,AIX,Production,Italy,9
LSIRL031,Linux,Staging,Ireland,31
HTIRL010,HP-UX,Testing,Ireland,10
LPNOR006,Linux,Production,Norway,6
SSDEU022,Solaris,Staging,Germany,22
ASIRL013,AIX,Staging,Ireland,13
STESP016,Solaris,Testing,Spain,16
ATIRL011,AIX,Testing,Ireland,11
LPDEU033,Linux,Production,Germany,33
APITA010,AIX,Production,Italy,10
SDESP008,Solaris,Development,Spain,8
AIESP003,AIX,Integration,Spain,3
LINOR002,Linux,Integration,Norway,2
APDEU010,AIX,Production,Germany,10
LSIRL032,Linux,Staging,Ireland,32
SSFRA007,Solaris,Staging,France,7
ATDEU014,AIX,Testing,Germany,14
LPFRA014,Linux,Production,France,14
LTITA016,Linux,Testing,Italy,16
LSDEU019,Linux,Staging,Germany,19
LPFRA015,Linux,Production,France,15
LDIRL013,Linux,Development,Ireland,13
LIESP003,Linux,Integration,Spain,3
HPFRA003,HP-UX,Production,France,3
ASIRL014,AIX,Staging,Ireland,14
STIRL025,Solaris,Testing,Ireland,25
SPNOR007,Solaris,Production,Norway,7
SSNOR005,Solaris,Staging,Norway,5
STDEU021,Solaris,Testing,Germany,21
LTESP015,Linux,Testing,Spain,15
APIRL015,AIX,Production,Ireland,15
LPESP018,Linux,Production,Spain,18
STDEU022,Solaris,Testing,Germany,22
SPNOR008,Solaris,Production,Norway,8
LTESP016,Linux,Testing,Spain,16
LTESP017,Linux,Testing,Spain,17
AIFRA006,AIX,Integration,France,6
LSDEU020,Linux,Staging,Germany,20
LIIRL011,Linux,Integration,Ireland,11
ADFRA001,AIX,Development,France,1
LSESP022,Linux,Staging,Spain,22
LTDEU019,Linux,Testing,Germany,19
SSESP014,Solaris,Staging,Spain,14
LSITA019,Linux,Staging,Italy,19
SSIRL026,Solaris,Staging,Ireland,26
SPESP016,Solaris,Production,Spain,16
ATIRL012,AIX,Testing,Ireland,12
LPNOR007,Linux,Production,Norway,7
LTDEU020,Linux,Testing,Germany,20
HIDEU001,HP-UX,Integration,Germany,1
LSITA020,Linux,Staging,Italy,20
ATNOR003,AIX,Testing,Norway,3
LTESP018,Linux,Testing,Spain,18
LDESP007,Linux,Development,Spain,7
APIRL016,AIX,Production,Ireland,16
LPIRL036,Linux,Production,Ireland,36
SDIRL013,Solaris,Development,Ireland,13
LPDEU034,Linux,Production,Germany,34
ATDEU015,AIX,Testing,Germany,15
LTDEU021,Linux,Testing,Germany,21
HPDEU009,HP-UX,Production,Germany,9
LSIRL033,Linux,Staging,Ireland,33
LDDEU008,Linux,Development,Germany,8
LDDEU009,Linux,Development,Germany,9
LTFRA006,Linux,Testing,France,6
ATFRA007,AIX,Testing,France,7
SPIRL021,Solaris,Production,Ireland,21
ATESP012,AIX,Testing,Spain,12
LTFRA007,Linux,Testing,France,7
HPFRA004,HP-UX,Production,France,4
LIDEU013,Linux,Integration,Germany,13
LSIRL034,Linux,Staging,Ireland,34
SPIRL022,Solaris,Production,Ireland,22
LSESP023,Linux,Staging,Spain,23
SPDEU022,Solaris,Production,Germany,22
ADDEU006,AIX,Development,Germany,6
SSESP015,Solaris,Staging,Spain,15
SPDEU023,Solaris,Production,Germany,23
LTDEU022,Linux,Testing,Germany,22
STFRA007,Solaris,Testing,France,7
HIDEU002,HP-UX,Integration,Germany,2
LSIRL035,Linux,Staging,Ireland,35
LIDEU014,Linux,Integration,Germany,14
SSESP016,Solaris,Staging,Spain,16
LTFRA008,Linux,Testing,France,8
SPIRL023,Solaris,Production,Ireland,23
SDIRL014,Solaris,Development,Ireland,14
LSDEU021,Linux,Staging,Germany,21
SSIRL027,Solaris,Staging,Ireland,27
ASDEU009,AIX,Staging,Germany,9
LSIRL036,Linux,Staging,Ireland,36
SDIRL015,Solaris,Development,Ireland,15
STESP017,Solaris,Testing,Spain,17
LDNOR002,Linux,Development,Norway,2
LSDEU022,Linux,Staging,Germany,22
LTIRL027,Linux,Testing,Ireland,27
SIIRL008,Solaris,Integration,Ireland,8
STIRL026,Solaris,Testing,Ireland,26
APIRL017,AIX,Production,Ireland,17
LPESP019,Linux,Production,Spain,19
SPITA017,Solaris,Production,Italy,17
LPIRL037,Linux,Production,Ireland,37
SSDEU023,Solaris,Staging,Germany,23
ATESP013,AIX,Testing,Spain,13
HIDEU003,HP-UX,Integration,Germany,3
HDDEU002,HP-UX,Development,Germany,2
ATITA014,AIX,Testing,Italy,14
STIRL027,Solaris,Testing,Ireland,27
HSITA006,HP-UX,Staging,Italy,6
HIESP004,HP-UX,Integration,Spain,4
LPESP020,Linux,Production,Spain,20
SSNOR006,Solaris,Staging,Norway,6
SSIRL028,Solaris,Staging,Ireland,28
SSDEU024,Solaris,Staging,Germany,24
LTIRL028,Linux,Testing,Ireland,28
LSITA021,Linux,Staging,Italy,21
LTITA017,Linux,Testing,Italy,17
SPIRL024,Solaris,Production,Ireland,24
LSIRL037,Linux,Staging,Ireland,37
SPIRL025,Solaris,Production,Ireland,25
LIESP004,Linux,Integration,Spain,4
STITA014,Solaris,Testing,Italy,14
SSDEU025,Solaris,Staging,Germany,25
LPDEU035,Linux,Production,Germany,35
LPIRL038,Linux,Production,Ireland,38
LIDEU015,Linux,Integration,Germany,15
ADIRL009,AIX,Development,Ireland,9
HTITA006,HP-UX,Testing,Italy,6
LPNOR008,Linux,Production,Norway,8
LSITA022,Linux,Staging,Italy,22
HPIRL011,HP-UX,Production,Ireland,11
LIESP005,Linux,Integration,Spain,5
LTFRA009,Linux,Testing,France,9
LSIRL038,Linux,Staging,Ireland,38
APDEU011,AIX,Production,Germany,11
STIRL028,Solaris,Testing,Ireland,28
HPDEU010,HP-UX,Production,Germany,10
ATITA015,AIX,Testing,Italy,15
STNOR006,Solaris,Testing,Norway,6
LTDEU023,Linux,Testing,Germany,23
HPIRL012,HP-UX,Production,Ireland,12
LIESP006,Linux,Integration,Spain,6
LTFRA010,Linux,Testing,France,10
STIRL029,Solaris,Testing,Ireland,29
LDDEU010,Linux,Development,Germany,10
SPDEU024,Solaris,Production,Germany,24
ATESP014,AIX,Testing,Spain,14
LSDEU023,Linux,Staging,Germany,23
HPESP004,HP-UX,Production,Spain,4
APIRL018,AIX,Production,Ireland,18
LSFRA006,Linux,Staging,France,6
STIRL030,Solaris,Testing,Ireland,30
LTIRL029,Linux,Testing,Ireland,29
LTNOR005,Linux,Testing,Norway,5
SSESP017,Solaris,Staging,Spain,17
HTESP005,HP-UX,Testing,Spain,5
LIDEU016,Linux,Integration,Germany,16
SSNOR007,Solaris,Staging,Norway,7
LTIRL030,Linux,Testing,Ireland,30
LPDEU036,Linux,Production,Germany,36
LTNOR006,Linux,Testing,Norway,6
ATESP015,AIX,Testing,Spain,15
LTIRL031,Linux,Testing,Ireland,31
LPDEU037,Linux,Production,Germany,37
HDESP002,HP-UX,Development,Spain,2
SDDEU007,Solaris,Development,Germany,7
LIITA007,Linux,Integration,Italy,7
LTFRA011,Linux,Testing,France,11
HPFRA005,HP-UX,Production,France,5
SIDEU008,Solaris,Integration,Germany,8
APIRL019,AIX,Production,Ireland,19
LDDEU011,Linux,Development,Germany,11
LTESP019,Linux,Testing,Spain,19
LPNOR009,Linux,Production,Norway,9
LTDEU024,Linux,Testing,Germany,24
SPESP017,Solaris,Production,Spain,17
LPESP021,Linux,Production,Spain,21
APITA011,AIX,Production,Italy,11
LIIRL012,Linux,Integration,Ireland,12
ASITA010,AIX,Staging,Italy,10
LTESP020,Linux,Testing,Spain,20
LTFRA012,Linux,Testing,France,12
LIESP007,Linux,Integration,Spain,7
ATESP016,AIX,Testing,Spain,16
SSIRL029,Solaris,Staging,Ireland,29
LSDEU024,Linux,Staging,Germany,24
HTDEU003,HP-UX,Testing,Germany,3
LTDEU025,Linux,Testing,Germany,25
SPFRA004,Solaris,Production,France,4
LTDEU026,Linux,Testing,Germany,26
SPIRL026,Solaris,Production,Ireland,26
LDIRL014,Linux,Development,Ireland,14
HSIRL007,HP-UX,Staging,Ireland,7
APDEU012,AIX,Production,Germany,12
ASNOR003,AIX,Staging,Norway,3
LPDEU038,Linux,Production,Germany,38
SPFRA005,Solaris,Production,France,5
LTIRL032,Linux,Testing,Ireland,32
APESP012,AIX,Production,Spain,12
SIESP007,Solaris,Integration,Spain,7
SPIRL027,Solaris,Production,Ireland,27
LTDEU027,Linux,Testing,Germany,27
LTFRA013,Linux,Testing,France,13
LPNOR010,Linux,Production,Norway,10
ASDEU010,AIX,Staging,Germany,10
LIIRL013,Linux,Integration,Ireland,13
SSDEU026,Solaris,Staging,Germany,26
ASESP009,AIX,Staging,Spain,9
SSIRL030,Solaris,Staging,Ireland,30
LPITA019,Linux,Production,Italy,19
ASFRA011,AIX,Staging,France,11
APDEU013,AIX,Production,Germany,13
ASIRL015,AIX,Staging,Ireland,15
APESP013,AIX,Production,Spain,13
ADDEU007,AIX,Development,Germany,7
LDIRL015,Linux,Development,Ireland,15
ASDEU011,AIX,Staging,Germany,11
SDITA004,Solaris,Development,Italy,4
SSDEU027,Solaris,Staging,Germany,27
LDESP008,Linux,Development,Spain,8
LIITA008,Linux,Integration,Italy,8
LSDEU025,Linux,Staging,Germany,25
STIRL031,Solaris,Testing,Ireland,31
ADDEU008,AIX,Development,Germany,8
ASESP010,AIX,Staging,Spain,10
SSITA018,Solaris,Staging,Italy,18
LIITA009,Linux,Integration,Italy,9
STITA015,Solaris,Testing,Italy,15
LPIRL039,Linux,Production,Ireland,39
LPITA020,Linux,Production,Italy,20
APNOR004,AIX,Production,Norway,4
SPDEU025,Solaris,Production,Germany,25
APDEU014,AIX,Production,Germany,14
LSDEU026,Linux,Staging,Germany,26
SDDEU008,Solaris,Development,Germany,8
LPFRA016,Linux,Production,France,16
LTESP021,Linux,Testing,Spain,21
STFRA008,Solaris,Testing,France,8
LPITA021,Linux,Production,Italy,21
LTFRA014,Linux,Testing,France,14
ASNOR004,AIX,Staging,Norway,4
LSIRL039,Linux,Staging,Ireland,39
LPDEU039,Linux,Production,Germany,39
LTFRA015,Linux,Testing,France,15
HTIRL011,HP-UX,Testing,Ireland,11
ASITA011,AIX,Staging,Italy,11
LDDEU012,Linux,Development,Germany,12
SSNOR008,Solaris,Staging,Norway,8
STNOR007,Solaris,Testing,Norway,7
LTDEU028,Linux,Testing,Germany,28
SSESP018,Solaris,Staging,Spain,18
LIESP008,Linux,Integration,Spain,8
LPIRL040,Linux,Production,Ireland,40
ASESP011,AIX,Staging,Spain,11
SDNOR002,Solaris,Development,Norway,2
LPDEU040,Linux,Production,Germany,40
SPNOR009,Solaris,Production,Norway,9
STDEU023,Solaris,Testing,Germany,23
ATITA016,AIX,Testing,Italy,16
SIIRL009,Solaris,Integration,Ireland,9
SDIRL016,Solaris,Development,Ireland,16
ASESP012,AIX,Staging,Spain,12
LTNOR007,Linux,Testing,Norway,7
LTDEU029,Linux,Testing,Germany,29
HTDEU004,HP-UX,Testing,Germany,4
STDEU024,Solaris,Testing,Germany,24
ATIRL013,AIX,Testing,Ireland,13
SDITA005,Solaris,Development,Italy,5
LTESP022,Linux,Testing,Spain,22
SPITA018,Solaris,Production,Italy,18
SPIRL028,Solaris,Production,Ireland,28
LTDEU030,Linux,Testing,Germany,30
SDDEU009,Solaris,Development,Germany,9
STNOR008,Solaris,Testing,Norway,8
SSITA019,Solaris,Staging,Italy,19
LSDEU027,Linux,Staging,Germany,27
ATIRL014,AIX,Testing,Ireland,14
HSDEU007,HP-UX,Staging,Germany,7
HPESP005,HP-UX,Production,Spain,5
ATFRA008,AIX,Testing,France,8
STDEU025,Solaris,Testing,Germany,25
ASDEU012,AIX,Staging,Germany,12
HSFRA001,HP-UX,Staging,France,1
LPIRL041,Linux,Production,Ireland,41
ATDEU016,AIX,Testing,Germany,16
SPFRA006,Solaris,Production,France,6
LSFRA007,Linux,Staging,France,7
APIRL020,AIX,Production,Ireland,20
HTESP006,HP-UX,Testing,Spain,6
SSESP019,Solaris,Staging,Spain,19
ASESP013,AIX,Staging,Spain,13
STDEU026,Solaris,Testing,Germany,26
LTESP023,Linux,Testing,Spain,23
LTNOR008,Linux,Testing,Norway,8
LPNOR011,Linux,Production,Norway,11
HSESP005,HP-UX,Staging,Spain,5
APNOR005,AIX,Production,Norway,5
ATIRL015,AIX,Testing,Ireland,15
STESP018,Solaris,Testing,Spain,18
LDITA005,Linux,Development,Italy,5
APFRA004,AIX,Production,France,4
APDEU015,AIX,Production,Germany,15
ASFRA012,AIX,Staging,France,12
APIRL021,AIX,Production,Ireland,21
SSDEU028,Solaris,Staging,Germany,28
LDESP009,Linux,Development,Spain,9
LPIRL042,Linux,Production,Ireland,42
APNOR006,AIX,Production,Norway,6
ASDEU013,AIX,Staging,Germany,13
LPIRL043,Linux,Production,Ireland,43
LSITA023,Linux,Staging,Italy,23
LPDEU041,Linux,Production,Germany,41
HTIRL012,HP-UX,Testing,Ireland,12
SPDEU026,Solaris,Production,Germany,26
SPITA019,Solaris,Production,Italy,19
LTITA018,Linux,Testing,Italy,18
LTDEU031,Linux,Testing,Germany,31
HPITA004,HP-UX,Production,Italy,4
ATFRA009,AIX,Testing,France,9
HPFRA006,HP-UX,Production,France,6
STFRA009,Solaris,Testing,France,9
SIFRA003,Solaris,Integration,France,3
LSITA024,Linux,Staging,Italy,24
LSIRL040,Linux,Staging,Ireland,40
SSNOR009,Solaris,Staging,Norway,9
LTNOR009,Linux,Testing,Norway,9
STIRL032,Solaris,Testing,Ireland,32
ATIRL016,AIX,Testing,Ireland,16
LPDEU042,Linux,Production,Germany,42
ATDEU017,AIX,Testing,Germany,17
LSDEU028,Linux,Staging,Germany,28
SPITA020,Solaris,Production,Italy,20
STITA016,Solaris,Testing,Italy,16
HTFRA007,HP-UX,Testing,France,7
APDEU016,AIX,Production,Germany,16
HTIRL013,HP-UX,Testing,Ireland,13
SIIRL010,Solaris,Integration,Ireland,10
LSIRL041,Linux,Staging,Ireland,41
HPDEU011,HP-UX,Production,Germany,11
SPITA021,Solaris,Production,Italy,21
APITA012,AIX,Production,Italy,12
SSESP020,Solaris,Staging,Spain,20
ATITA017,AIX,Testing,Italy,17
LPESP022,Linux,Production,Spain,22
SPNOR010,Solaris,Production,Norway,10
LSIRL042,Linux,Staging,Ireland,42
ADIRL010,AIX,Development,Ireland,10
LSFRA008,Linux,Staging,France,8
SIESP008,Solaris,Integration,Spain,8
ASESP014,AIX,Staging,Spain,14
SSIRL031,Solaris,Staging,Ireland,31
SIITA008,Solaris,Integration,Italy,8
AIIRL008,AIX,Integration,Ireland,8
LPFRA017,Linux,Production,France,17
LTIRL033,Linux,Testing,Ireland,33
ASIRL016,AIX,Staging,Ireland,16
ASIRL017,AIX,Staging,Ireland,17
LPITA022,Linux,Production,Italy,22
STNOR009,Solaris,Testing,Norway,9
APIRL022,AIX,Production,Ireland,22
LTIRL034,Linux,Testing,Ireland,34
LIFRA005,Linux,Integration,France,5
LPDEU043,Linux,Production,Germany,43
SDITA006,Solaris,Development,Italy,6
ASDEU014,AIX,Staging,Germany,14
HIIRL005,HP-UX,Integration,Ireland,5
LPITA023,Linux,Production,Italy,23
APIRL023,AIX,Production,Ireland,23
STITA017,Solaris,Testing,Italy,17
LSIRL043,Linux,Staging,Ireland,43
APESP014,AIX,Production,Spain,14
SIITA009,Solaris,Integration,Italy,9
LSITA025,Linux,Staging,Italy,25
LDIRL016,Linux,Development,Ireland,16
LPDEU044,Linux,Production,Germany,44
ADIRL011,AIX,Development,Ireland,11
SSIRL032,Solaris,Staging,Ireland,32
LSIRL044,Linux,Staging,Ireland,44
LIIRL014,Linux,Integration,Ireland,14
LPFRA018,Linux,Production,France,18
LDIRL017,Linux,Development,Ireland,17
ASDEU015,AIX,Staging,Germany,15
ASFRA013,AIX,Staging,France,13
ATIRL017,AIX,Testing,Ireland,17
HIDEU004,HP-UX,Integration,Germany,4
HTIRL014,HP-UX,Testing,Ireland,14
LSIRL045,Linux,Staging,Ireland,45
HIDEU005,HP-UX,Integration,Germany,5
HPESP006,HP-UX,Production,Spain,6
LSIRL046,Linux,Staging,Ireland,46
ADIRL012,AIX,Development,Ireland,12
LTIRL035,Linux,Testing,Ireland,35
ASDEU016,AIX,Staging,Germany,16
SPITA022,Solaris,Production,Italy,22
SIDEU009,Solaris,Integration,Germany,9
SPIRL029,Solaris,Production,Ireland,29
SDESP009,Solaris,Development,Spain,9
LTIRL036,Linux,Testing,Ireland,36
LSIRL047,Linux,Staging,Ireland,47
SSITA020,Solaris,Staging,Italy,20
LPDEU045,Linux,Production,Germany,45
ADIRL013,AIX,Development,Ireland,13
APDEU017,AIX,Production,Germany,17
STDEU027,Solaris,Testing,Germany,27
SDESP010,Solaris,Development,Spain,10
LTDEU032,Linux,Testing,Germany,32
HSDEU008,HP-UX,Staging,Germany,8
HPDEU012,HP-UX,Production,Germany,12
SPIRL030,Solaris,Production,Ireland,30
HTIRL015,HP-UX,Testing,Ireland,15
LTIRL037,Linux,Testing,Ireland,37
APIRL024,AIX,Production,Ireland,24
LSIRL048,Linux,Staging,Ireland,48
LSIRL049,Linux,Staging,Ireland,49
LTITA019,Linux,Testing,Italy,19
SPNOR011,Solaris,Production,Norway,11
SSESP021,Solaris,Staging,Spain,21
LTESP024,Linux,Testing,Spain,24
LPDEU046,Linux,Production,Germany,46
LPNOR012,Linux,Production,Norway,12
LPITA024,Linux,Production,Italy,24
HPESP007,HP-UX,Production,Spain,7
SPESP018,Solaris,Production,Spain,18
SPESP019,Solaris,Production,Spain,19
LPDEU047,Linux,Production,Germany,47
HTDEU005,HP-UX,Testing,Germany,5
LTITA020,Linux,Testing,Italy,20
SPNOR012,Solaris,Production,Norway,12
LSDEU029,Linux,Staging,Germany,29
SPIRL031,Solaris,Production,Ireland,31
ASIRL018,AIX,Staging,Ireland,18
SSDEU029,Solaris,Staging,Germany,29
LTIRL038,Linux,Testing,Ireland,38
ATESP017,AIX,Testing,Spain,17
ADDEU009,AIX,Development,Germany,9
LPIRL044,Linux,Production,Ireland,44
LSDEU030,Linux,Staging,Germany,30
SSDEU030,Solaris,Staging,Germany,30
SSIRL033,Solaris,Staging,Ireland,33
ADDEU010,AIX,Development,Germany,10
LTIRL039,Linux,Testing,Ireland,39
HPITA005,HP-UX,Production,Italy,5
HSDEU009,HP-UX,Staging,Germany,9
LIITA010,Linux,Integration,Italy,10
STDEU028,Solaris,Testing,Germany,28
ASNOR005,AIX,Staging,Norway,5
LPNOR013,Linux,Production,Norway,13
LSITA026,Linux,Staging,Italy,26
SPIRL032,Solaris,Production,Ireland,32
LPIRL045,Linux,Production,Ireland,45
HPESP008,HP-UX,Production,Spain,8
LDITA006,Linux,Development,Italy,6
AINOR001,AIX,Integration,Norway,1
STFRA010,Solaris,Testing,France,10
LPIRL046,Linux,Production,Ireland,46
LSDEU031,Linux,Staging,Germany,31
SPIRL033,Solaris,Production,Ireland,33
LSNOR005,Linux,Staging,Norway,5
HTIRL016,HP-UX,Testing,Ireland,16
LPDEU048,Linux,Production,Germany,48
LSESP024,Linux,Staging,Spain,24
ADNOR002,AIX,Development,Norway,2
APIRL025,AIX,Production,Ireland,25
LPIRL047,Linux,Production,Ireland,47
LPNOR014,Linux,Production,Norway,14
HPITA006,HP-UX,Production,Italy,6
STFRA011,Solaris,Testing,France,11
APFRA005,AIX,Production,France,5
LPITA025,Linux,Production,Italy,25
ASIRL019,AIX,Staging,Ireland,19
SSITA021,Solaris,Staging,Italy,21
HIDEU006,HP-UX,Integration,Germany,6
APDEU018,AIX,Production,Germany,18
LPDEU049,Linux,Production,Germany,49
APDEU019,AIX,Production,Germany,19
HPESP009,HP-UX,Production,Spain,9
HPDEU013,HP-UX,Production,Germany,13
APIRL026,AIX,Production,Ireland,26
ADIRL014,AIX,Development,Ireland,14
SSESP022,Solaris,Staging,Spain,22
HIIRL006,HP-UX,Integration,Ireland,6
HPDEU014,HP-UX,Production,Germany,14
LPNOR015,Linux,Production,Norway,15
APNOR007,AIX,Production,Norway,7
LSNOR006,Linux,Staging,Norway,6
SSIRL034,Solaris,Staging,Ireland,34
AIFRA007,AIX,Integration,France,7
LPDEU050,Linux,Production,Germany,50
LTITA021,Linux,Testing,Italy,21
AIITA002,AIX,Integration,Italy,2
LDITA007,Linux,Development,Italy,7
SPESP020,Solaris,Production,Spain,20
APESP015,AIX,Production,Spain,15
STIRL033,Solaris,Testing,Ireland,33
STFRA012,Solaris,Testing,France,12
LPESP023,Linux,Production,Spain,23
STDEU029,Solaris,Testing,Germany,29
SSESP023,Solaris,Staging,Spain,23
LSESP025,Linux,Staging,Spain,25
ADIRL015,AIX,Development,Ireland,15
HTIRL017,HP-UX,Testing,Ireland,17
LTDEU033,Linux,Testing,Germany,33
STESP019,Solaris,Testing,Spain,19
ASFRA014,AIX,Staging,France,14
SSESP024,Solaris,Staging,Spain,24
HSIRL008,HP-UX,Staging,Ireland,8
LTDEU034,Linux,Testing,Germany,34
ASITA012,AIX,Staging,Italy,12
ADESP003,AIX,Development,Spain,3
LPFRA019,Linux,Production,France,19
LTIRL040,Linux,Testing,Ireland,40
LIDEU017,Linux,Integration,Germany,17
ATFRA010,AIX,Testing,France,10
ATIRL018,AIX,Testing,Ireland,18
LIFRA006,Linux,Integration,France,6
LSITA027,Linux,Staging,Italy,27
LSITA028,Linux,Staging,Italy,28
APIRL027,AIX,Production,Ireland,27
SDDEU010,Solaris,Development,Germany,10
SPIRL034,Solaris,Production,Ireland,34
SSNOR010,Solaris,Staging,Norway,10
APDEU020,AIX,Production,Germany,20
HPIRL013,HP-UX,Production,Ireland,13
APITA013,AIX,Production,Italy,13
SPNOR013,Solaris,Production,Norway,13
HTESP007,HP-UX,Testing,Spain,7
SSITA022,Solaris,Staging,Italy,22
LPIRL048,Linux,Production,Ireland,48
LPDEU051,Linux,Production,Germany,51
SPDEU027,Solaris,Production,Germany,27
SSITA023,Solaris,Staging,Italy,23
HPITA007,HP-UX,Production,Italy,7
LSITA029,Linux,Staging,Italy,29
HSESP006,HP-UX,Staging,Spain,6
LTIRL041,Linux,Testing,Ireland,41
LTESP025,Linux,Testing,Spain,25
SSDEU031,Solaris,Staging,Germany,31
STNOR010,Solaris,Testing,Norway,10
